epoch,train_loss,train_recon_loss,train_next_loss,val_loss,val_recon_loss,val_next_loss
1,1.1877381327272503,0.7852798360083296,0.8049165971769537,0.6304112428968603,0.45005774269834087,0.36070699996925426
2,0.9112129131396719,0.6450317847258652,0.5323622587311063,0.5641254042609457,0.4196629504267679,0.28892490609981225
3,0.8096308214335192,0.5736768123891782,0.4719080163316115,0.5422182617147574,0.41022842031631745,0.2639796824760414
4,0.790374363986938,0.567777604557889,0.4451935167731024,0.5248914662588156,0.399209657354218,0.25136361805873625
5,0.7787553971444711,0.5648607642984509,0.4277892669759066,0.522167720150149,0.400355934811551,0.24362357235268542
6,0.7631467492606221,0.555588286220852,0.41511692303059616,0.5025174484441155,0.3839825060236397,0.2370698848766003
7,0.7724855654508828,0.56945245295596,0.4060662273570097,0.5070525985300256,0.3899060583285738,0.23429308097328297
8,0.7550349310118643,0.5558553461762624,0.3983591664117771,0.5006055491820477,0.38417674173293503,0.23285761504082017
9,0.7602739203302322,0.5644753793448819,0.3915970799985722,0.49771582681026183,0.38333917669417183,0.22875329951920578
10,0.7408600448585922,0.548438924650608,0.3848422402573442,0.4984300724056919,0.3844220146322935,0.22801611928991153
11,0.7362645202771269,0.546401188842133,0.3797266684313746,0.4841816254209674,0.37327242931395627,0.22181839410340387
12,0.7273382011829317,0.540293379057399,0.3740896434228628,0.48439602275784505,0.37561564290067223,0.2175607590726688
13,0.7012839777500323,0.5178181594363279,0.36693163717039234,0.46686271617287084,0.36065273414673416,0.212419962982812
14,0.7051678906382922,0.5243958281062606,0.3615441289091797,0.4687715471503837,0.36363208771607525,0.21027892107883708
15,0.7062611347113708,0.5278530830205739,0.3568161070219475,0.4743477776290127,0.368652277514695,0.2113910027240452
16,0.6555727353983146,0.47955015797634454,0.35204515514898704,0.4608129359888688,0.35757728149160817,0.2064713077468165
17,0.689605031905385,0.5150380181330961,0.3491340286820214,0.4522369223776046,0.35051801080623884,0.20343782207327027
18,0.6898015055013943,0.5167755293122102,0.3460519487753828,0.45479130923177635,0.3530547395705036,0.20347314103368366
19,0.6878363638830306,0.516536643557168,0.3425994390498476,0.45420073821213824,0.35355365746899653,0.20129416141498602
20,0.6582282431254554,0.48770289090685215,0.3410507044006008,0.4463014934907119,0.3461955127676138,0.20021196390595733
