,mean,std
test_felt_arousal_macro_f1,0.4240522420418723,0.04293523642292929
test_felt_arousal_accuracy,0.43476293750463385,0.0482459950262031
test_felt_valence_macro_f1,0.5586884359487324,0.04390710034167913
test_felt_valence_accuracy,0.5514915988516047,0.050746872260534925
test_perceived_arousal_macro_f1,0.5234150941738122,0.03332880013877619
test_perceived_arousal_accuracy,0.5292240679277453,0.022784071487382738
test_perceived_valence_macro_f1,0.7348811349903397,0.02326136866431758
test_perceived_valence_accuracy,0.7113711298109309,0.023520573214963487
test_emotion_macro_f1_mean,0.5602592267886892,0.03285827735542907
test_raw_rating_mae,1.171891713142395,0.060555031036523606
test_gap_mae,1.2097102642059325,0.06302648880388104
