config,fold,modality,branch,use_stim_emo,n_train,n_val,n_test,train_time_s,val_f1_macro_felt_a,val_f1_weighted_felt_a,val_accuracy_felt_a,val_f1_macro_felt_v,val_f1_weighted_felt_v,val_accuracy_felt_v,val_f1_macro_perceived_a,val_f1_weighted_perceived_a,val_accuracy_perceived_a,val_f1_macro_perceived_v,val_f1_weighted_perceived_v,val_accuracy_perceived_v,val_emotion_macro_f1_mean,val_r2_openness,val_r2_conscientiousness,val_r2_extraversion,val_r2_agreeableness,val_r2_neuroticism,val_personality_r2_mean,val_part_r2_openness,val_part_r2_conscientiousness,val_part_r2_extraversion,val_part_r2_agreeableness,val_part_r2_neuroticism,val_part_personality_r2_mean,test_f1_macro_felt_a,test_f1_weighted_felt_a,test_accuracy_felt_a,test_f1_macro_felt_v,test_f1_weighted_felt_v,test_accuracy_felt_v,test_f1_macro_perceived_a,test_f1_weighted_perceived_a,test_accuracy_perceived_a,test_f1_macro_perceived_v,test_f1_weighted_perceived_v,test_accuracy_perceived_v,test_emotion_macro_f1_mean,test_r2_openness,test_r2_conscientiousness,test_r2_extraversion,test_r2_agreeableness,test_r2_neuroticism,test_personality_r2_mean,test_part_r2_openness,test_part_r2_conscientiousness,test_part_r2_extraversion,test_part_r2_agreeableness,test_part_r2_neuroticism,test_part_personality_r2_mean,val_gender_f1,test_gender_f1
full_emotion_personality_stim,0,full,emotion_personality,True,3825,603,1103,1675.4,0.3776360508373065,0.42749566235208947,0.44112769485903813,0.39848523595610436,0.5419327870936482,0.5704809286898839,0.38441251108780045,0.4332977344970348,0.46766169154228854,0.40572024874350454,0.44954102616372665,0.4560530679933665,0.391563511656179,-1.1085638999938965,-0.17162871360778809,-0.613112211227417,-1.1047539710998535,-5.206398010253906,-1.6408913135528564,-1.1716814041137695,-0.12427008152008057,-0.416545033454895,-0.6612813472747803,-4.439237594604492,-1.3626030683517456,0.35804255455826833,0.4843238120322793,0.5077062556663645,0.3754082659802607,0.5198928480414176,0.5657298277425205,0.31005763945173964,0.36380630253387897,0.39619220308250225,0.39175440445010695,0.44359822192504805,0.44514959202175886,0.3588157161100939,-0.38170158863067627,-0.7256051301956177,-0.47401392459869385,-1.3836376667022705,-0.7822448015213013,-0.7494405508041382,-0.14080238342285156,-0.47234177589416504,-0.5139678716659546,-1.1504640579223633,-0.4483973979949951,-0.545194685459137,,
full_emotion_personality_stim,1,full,emotion_personality,True,3765,646,1120,1647.7,0.3901174652666796,0.4346808492004344,0.4458204334365325,0.44427678702125056,0.46378144915544733,0.45975232198142413,0.40757155803983885,0.4382705098476555,0.4535603715170279,0.38003795320888595,0.41727041138694604,0.4473684210526316,0.4055009408841638,-10.717226028442383,-0.6306735277175903,-0.06240832805633545,-1.934699535369873,-0.315193772315979,-2.7320401668548584,-10.878005981445312,-0.44611239433288574,0.07100236415863037,-1.3910834789276123,-0.26157450675964355,-2.5811550617218018,0.3344040892945696,0.4336475646772801,0.4758928571428571,0.3435916315704095,0.4586713151483907,0.4205357142857143,0.30922623128987187,0.3425111597815861,0.35267857142857145,0.3288878117735812,0.34265034007873707,0.3776785714285714,0.32902744098210807,-0.4298737049102783,-0.7603012323379517,-1.8629794120788574,0.002056419849395752,-0.32642197608947754,-0.6755040287971497,-0.2832068204879761,-0.5436370372772217,-1.3772099018096924,0.14713376760482788,-0.1276949644088745,-0.4369230270385742,,
full_emotion_personality_stim,2,full,emotion_personality,True,3749,680,1102,1668.7,0.3639998120664294,0.5009818106975507,0.5073529411764706,0.3604443658750803,0.5326667330214657,0.5338235294117647,0.35465386216842365,0.43041085104591564,0.4338235294117647,0.3639655286960319,0.41163898505502833,0.41323529411764703,0.3607658922014913,-1.3085436820983887,-0.026106953620910645,-0.12042689323425293,-1.1062984466552734,-0.7892229557037354,-0.6701198220252991,-1.0300164222717285,0.1277809739112854,0.17337417602539062,-0.7342712879180908,-0.4546372890472412,-0.38355398178100586,0.2727272727272727,0.33147445416047955,0.33575317604355714,0.3942689812726969,0.47908047637811835,0.5136116152450091,0.3131424857948395,0.31958196159441676,0.3203266787658802,0.3924417953213708,0.441162359284066,0.4455535390199637,0.343145133779045,-0.22474336624145508,-0.9372897148132324,-0.9965715408325195,-0.3450416326522827,-0.4618840217590332,-0.5931060910224915,-0.07420241832733154,-0.5582733154296875,-0.7193272113800049,-0.2074521780014038,-0.32913756370544434,-0.3776785433292389,,
full_emotion_personality_stim,3,full,emotion_personality,True,3767,663,1101,1653.9,0.4325310312731902,0.4717796836583477,0.49321266968325794,0.48623139125486076,0.5671258693153759,0.55052790346908,0.4357356833053367,0.43797069359801477,0.4374057315233786,0.36895255389240594,0.4160888828922118,0.4253393665158371,0.43086266493144837,-1.5122132301330566,-0.31162703037261963,-0.8016479015350342,-3.7187156677246094,-1.729257345199585,-1.6146923303604126,-1.1687374114990234,0.07319504022598267,-0.6041771173477173,-3.239698886871338,-1.2421417236328125,-1.2363120317459106,0.33101886093115224,0.4354329595617719,0.46684831970935514,0.4015956369117919,0.4919687272043284,0.5049954586739328,0.346585581838549,0.3674008389816404,0.36693914623069934,0.3909858983868065,0.44320605498986604,0.44868301544050865,0.3675464945170749,-0.9572601318359375,-0.4069472551345825,-0.09499967098236084,-0.9842895269393921,-0.9389653205871582,-0.6764923930168152,-0.8840988874435425,-0.2223951816558838,-0.019127964973449707,-0.599213719367981,-0.6755239963531494,-0.48007193207740784,,
full_emotion_personality_stim,4,full,emotion_personality,True,3900,526,1105,1671.1,0.3028634309726197,0.4483009541913962,0.4752851711026616,0.4014350191071234,0.4974119281716296,0.49049429657794674,0.34506049755333096,0.38518244737107377,0.3916349809885932,0.36810423093968775,0.4291985406943349,0.435361216730038,0.35436579464319046,-1.0357885360717773,-0.8672013282775879,-1.7724494934082031,0.2957742214202881,-0.6972520351409912,-0.8153834342956543,-0.9259206056594849,-0.6358448266983032,-1.328000783920288,0.3403177857398987,-0.4064297676086426,-0.5911756753921509,0.36028324130321665,0.4265234811515977,0.47330316742081446,0.3914148032709149,0.45820036113366663,0.48868778280542985,0.3799237575434266,0.39497828961110143,0.40090497737556563,0.3682247969063049,0.42231098299327563,0.4334841628959276,0.37496164975596574,0.04440063238143921,0.002134859561920166,-1.163473129272461,-0.18017661571502686,-0.8922642469406128,-0.4378756880760193,0.19009166955947876,0.12804007530212402,-1.0474576950073242,-0.032938241958618164,-0.7652775049209595,-0.3055083155632019,,
full_emotion_personality,0,full,emotion_personality,False,3825,603,1103,1664.9,0.3580692735446656,0.4215824956775645,0.4461028192371476,0.4132600029697655,0.515299520399351,0.5041459369817579,0.36118240280381436,0.41159521478401045,0.43449419568822556,0.40363598372908505,0.4534519704113046,0.47429519071310117,0.38403691576183263,-1.7224464416503906,-0.09230196475982666,-0.3505913019180298,-0.20030581951141357,-4.411697864532471,-1.3554686307907104,-1.5480618476867676,0.12143033742904663,-0.14187932014465332,0.0998191237449646,-4.079118728637695,-1.1095621585845947,0.32967729710655513,0.45371019531870865,0.4841341795104261,0.3814205488740403,0.5372689837412784,0.586582048957389,0.3233383732140367,0.3695106282974458,0.38349954669084313,0.33170023518678043,0.38732639141159564,0.414324569356301,0.34153411359535313,0.05919444561004639,-1.181328535079956,-0.733257532119751,-1.320418119430542,-0.7896076440811157,-0.7930834889411926,0.2880621552467346,-0.8404742479324341,-0.5761518478393555,-1.1600933074951172,-0.45704030990600586,-0.5491394996643066,,
full_emotion_personality,1,full,emotion_personality,False,3765,646,1120,1644.9,0.35824175824175825,0.4150222842173307,0.43188854489164086,0.46134807639942427,0.4962501329280999,0.5030959752321982,0.3505396708274406,0.3645460863983259,0.39628482972136225,0.4741114077895201,0.5012099481062706,0.5,0.4110602283145358,-9.56101131439209,-0.6197514533996582,-0.8283215761184692,-2.230987548828125,-0.2518889904022217,-2.698392391204834,-9.188949584960938,-0.3703376054763794,-0.681795597076416,-1.6014556884765625,-0.19476056098937988,-2.4074597358703613,0.33778141688255797,0.42417300106078665,0.43660714285714286,0.35657300707441025,0.5377178617876156,0.5455357142857142,0.34937034315916304,0.38847415444576044,0.39017857142857143,0.34036415823849553,0.38089793976908715,0.3821428571428571,0.34602223133865667,-0.4486820697784424,-0.7473849058151245,-1.3954582214355469,-0.19716942310333252,-0.5977243185043335,-0.677283763885498,-0.27176594734191895,-0.6966344118118286,-1.0573315620422363,-0.008780360221862793,-0.39393675327301025,-0.48568981885910034,,
full_emotion_personality,2,full,emotion_personality,False,3749,680,1102,1681.5,0.31045423374353853,0.48859404064472156,0.5205882352941177,0.39720055302066787,0.5895737387037284,0.6132352941176471,0.39906767460521175,0.45931930771031615,0.4661764705882353,0.35342435342435347,0.40627191436014964,0.42205882352941176,0.36503670369844293,-0.9463760852813721,-0.22280240058898926,-0.8263098001480103,-0.760611891746521,-0.6204638481140137,-0.6753128170967102,-0.6945661306381226,-0.07002866268157959,-0.37064266204833984,-0.18618512153625488,-0.15859878063201904,-0.2960042655467987,0.29329414808802956,0.3669113094416179,0.3938294010889292,0.371465763936995,0.4607650570105337,0.5036297640653358,0.30656042376465514,0.3184585394986362,0.33484573502722326,0.3588208168868688,0.4158304640229764,0.43103448275862066,0.3325352881691371,-0.010762929916381836,-0.3794482946395874,-0.9133991003036499,-0.34310102462768555,-0.6069035530090332,-0.45072299242019653,0.08533352613449097,-0.09453976154327393,-0.627016544342041,-0.2126762866973877,-0.46958136558532715,-0.2636961042881012,,
full_emotion_personality,3,full,emotion_personality,False,3767,663,1101,1694.9,0.2846535540836059,0.35719393138566463,0.4343891402714932,0.26078971533516987,0.5026987272976577,0.6425339366515838,0.3368292650232571,0.3514420881988104,0.3650075414781297,0.2796126415086038,0.3629337420011964,0.3951734539969834,0.29047129398765914,-1.9443647861480713,-0.18126320838928223,-1.1619436740875244,-4.277603626251221,-1.944854974746704,-1.902005910873413,-1.6289901733398438,0.11832016706466675,-1.0003595352172852,-3.849891185760498,-1.5399787425994873,-1.5801799297332764,0.3037431210147105,0.4442010230819812,0.5449591280653951,0.24409902130109384,0.4230162875953561,0.5776566757493188,0.35421825973933047,0.388163470551334,0.4032697547683924,0.270173514742818,0.3693102230609437,0.43142597638510444,0.2930584791994882,-0.9452464580535889,-0.7411930561065674,-0.14263927936553955,-0.539130449295044,-0.7500276565551758,-0.6236473917961121,-0.8734190464019775,-0.44162261486053467,-0.050606608390808105,-0.26863133907318115,-0.5480753183364868,-0.43647098541259766,,
full_emotion_personality,4,full,emotion_personality,False,3900,526,1105,1722.0,0.3329197931064417,0.46928794676292807,0.48859315589353614,0.4300603650897193,0.5470389909527364,0.5874524714828897,0.36242398905442386,0.39213385700924963,0.39923954372623577,0.4237996945055169,0.4642724685643182,0.4714828897338403,0.38730096043902545,-2.034775495529175,-1.1938564777374268,-1.962557077407837,0.21846270561218262,-0.7662557363510132,-1.147796392440796,-2.558079957962036,-1.0689697265625,-1.5621769428253174,0.27823424339294434,-0.42539143562316895,-1.0672767162322998,0.29887709798611817,0.38060180919153536,0.4597285067873303,0.3669864372181058,0.44574324288589884,0.5248868778280543,0.3580928079094455,0.3783379385158061,0.38823529411764707,0.37027443712015745,0.41638382765250137,0.41990950226244345,0.3485576950584567,-0.32136988639831543,0.05518752336502075,-1.433436632156372,-0.047156453132629395,-1.002657413482666,-0.5498865842819214,-0.12717044353485107,0.12241262197494507,-1.215820074081421,0.10244935750961304,-0.6428388357162476,-0.3521934747695923,,
full_emotion_personality_gender_stim,0,full,emotion_personality_gender,True,3825,603,1103,1720.5,0.41430795192864395,0.45221657048834457,0.45439469320066334,0.37509484625507167,0.5085012407524979,0.49917081260364843,0.35487615872139205,0.3899907646437066,0.3996683250414594,0.3841471642753227,0.4388101815765434,0.4527363184079602,0.3821065302951076,-1.2395811080932617,0.010157346725463867,-0.5909702777862549,-0.8324517011642456,-3.4640469551086426,-1.2233785390853882,-1.3493118286132812,0.0864977240562439,-0.2978402376174927,-0.693730354309082,-3.4618334770202637,-1.1432435512542725,0.34203746414105823,0.46568090613273944,0.485040797824116,0.3733840282729759,0.5122490869026166,0.5367180417044425,0.31509383188297674,0.3558655683038933,0.36990027198549413,0.3346988845758612,0.4001027493091103,0.4342701722574796,0.341303552218218,-0.3089944124221802,-0.7355053424835205,-0.37795770168304443,-1.3113458156585693,-0.8504354953765869,-0.7168477773666382,-0.042861342430114746,-0.4712963104248047,-0.38634181022644043,-1.0101988315582275,-0.4951225519180298,-0.4811641573905945,0.5923280423280424,0.41438970990695134
full_emotion_personality_gender_stim,1,full,emotion_personality_gender,True,3765,646,1120,1701.4,0.33772868534074657,0.37674613455844214,0.3684210526315789,0.4090478305948424,0.46144967272032705,0.47987616099071206,0.3262040832062957,0.34803842869384316,0.3560371517027864,0.43821546802955136,0.4764255189650569,0.47213622291021673,0.37779901679285904,-11.894584655761719,-0.6905113458633423,-0.3504307270050049,-2.2121665477752686,-1.0350470542907715,-3.2365481853485107,-11.51029109954834,-0.5108723640441895,-0.2037571668624878,-1.465972900390625,-0.9688190221786499,-2.9319424629211426,0.3750913193605097,0.44843925640455606,0.45089285714285715,0.355552656794439,0.5422548988606437,0.5473214285714286,0.3670307106269206,0.39902685215962685,0.40089285714285716,0.34138005833354096,0.3882483321871968,0.3830357142857143,0.3597636862788525,-0.5303276777267456,-0.8798493146896362,-1.7951407432556152,-0.1295377016067505,-0.23313403129577637,-0.7135978937149048,-0.4135235548019409,-0.7058326005935669,-1.4212913513183594,0.010275661945343018,-0.0180511474609375,-0.5096846222877502,0.7612339663501583,0.4740156686903293
full_emotion_personality_gender_stim,2,full,emotion_personality_gender,True,3749,680,1102,1709.7,0.31559570396268327,0.48460627180246596,0.5176470588235295,0.3787403760767349,0.5351791286593477,0.5220588235294118,0.34906540783666234,0.4471079677573094,0.46176470588235297,0.3666443755495615,0.41289774123410455,0.43676470588235294,0.35251146585641047,-0.9422361850738525,-0.10316014289855957,-0.7333254814147949,-0.781959056854248,-0.8110389709472656,-0.6743439435958862,-0.7735493183135986,0.036893248558044434,-0.5192099809646606,-0.4197731018066406,-0.39649271965026855,-0.41442638635635376,0.3227968764348463,0.4113629337923581,0.45825771324863884,0.3722832299950394,0.4548667659809258,0.5054446460980037,0.3402523600116045,0.3633288123568516,0.411070780399274,0.3869774687814778,0.4266985881990485,0.4319419237749546,0.355577483805742,-0.14407694339752197,-0.7415065765380859,-1.2597200870513916,-0.24931097030639648,-0.5246403217315674,-0.5838509798049927,-0.026108503341674805,-0.4300194978713989,-1.0566825866699219,-0.09446454048156738,-0.4557427167892456,-0.41260355710983276,0.3359375,0.6696992136535139
full_emotion_personality_gender_stim,3,full,emotion_personality_gender,True,3767,663,1101,1703.5,0.2827066632213797,0.3296295796923604,0.37858220211161386,0.4152919898035814,0.5688627400060924,0.6199095022624435,0.3195500525903389,0.34045097699569415,0.36199095022624433,0.33541474133578314,0.38160959097004443,0.40120663650075417,0.3382408617377708,-0.8944023847579956,-0.25507938861846924,-0.7417151927947998,-4.553635120391846,-1.7689542770385742,-1.6427571773529053,-0.5217994451522827,0.1513689160346985,-0.5574249029159546,-4.040510177612305,-1.3661937713623047,-1.2669118642807007,0.3467481582030833,0.4658310622299804,0.5313351498637602,0.3813202741822417,0.48935133416034754,0.5540417801998183,0.34576357861428314,0.38454956171746985,0.4114441416893733,0.40713229134451545,0.45412359646512296,0.4586739327883742,0.3702410755860309,-1.1455161571502686,-0.5369244813919067,-0.5121216773986816,-0.4588449001312256,-0.802807092666626,-0.6912428736686707,-0.9954650402069092,-0.2839827537536621,-0.41431450843811035,-0.15147948265075684,-0.6157106161117554,-0.4921904504299164,0.5803958046939622,0.531216254813915
full_emotion_personality_gender_stim,4,full,emotion_personality_gender,True,3900,526,1105,1728.4,0.36656728724959,0.4993562489407544,0.5285171102661597,0.40126029568435806,0.5082206654670373,0.5247148288973384,0.3510502079679048,0.37334060227238086,0.3821292775665399,0.40136748070649403,0.45712939720741413,0.46577946768060835,0.3800613179020867,-1.8607864379882812,-1.1546385288238525,-1.4642720222473145,0.3316822648048401,-0.5073810815811157,-0.9310792088508606,-2.0156476497650146,-1.1293702125549316,-1.2141938209533691,0.3312419652938843,-0.31460392475128174,-0.8685147166252136,0.3620034900599114,0.4245603134061629,0.46968325791855203,0.3821359154115052,0.4565908187817192,0.5076923076923077,0.40117520482716046,0.40159614435603536,0.4081447963800905,0.3496069295508198,0.40587539582186516,0.4153846153846154,0.37373038496234917,-0.2753232717514038,-0.03680229187011719,-1.1402029991149902,-0.10617208480834961,-0.6855213642120361,-0.4488043785095215,-0.1370776891708374,0.05107235908508301,-1.0372438430786133,0.08831965923309326,-0.5978800058364868,-0.32656189799308777,0.44863731656184486,0.5850487707445675
full_emotion_personality_gender,0,full,emotion_personality_gender,False,3825,603,1103,1718.7,0.3784992662608017,0.4337857739722819,0.4494195688225539,0.4241365017017995,0.562098605773073,0.5870646766169154,0.3359724280530771,0.33752569820941813,0.3383084577114428,0.42904840968332314,0.484913890181117,0.4975124378109453,0.3919141514247504,-1.1359877586364746,0.05294299125671387,-0.26563596725463867,-0.6531447172164917,-4.572144508361816,-1.3147939443588257,-1.0091745853424072,0.17790138721466064,-0.14585494995117188,-0.4735451936721802,-4.548480987548828,-1.1998307704925537,0.36140404075434446,0.47770119745092465,0.4932003626473255,0.44091496353541587,0.5523954945518594,0.5611967361740707,0.35868198966359105,0.3730038322277824,0.37080689029918407,0.3339147461587845,0.38103566842536096,0.4224841341795104,0.373728935028034,-0.37622177600860596,-0.8183233737945557,-0.5912140607833862,-0.8612334728240967,-0.5880169868469238,-0.6470019221305847,-0.08850204944610596,-0.6014559268951416,-0.5569701194763184,-0.7139825820922852,-0.24052727222442627,-0.44028759002685547,0.6139521301090607,0.3885809312638581
full_emotion_personality_gender,1,full,emotion_personality_gender,False,3765,646,1120,1700.3,0.31551410918259254,0.39876407854902446,0.4628482972136223,0.2281059063136456,0.35592995907763897,0.5201238390092879,0.37263475403428353,0.39332650873366304,0.4024767801857585,0.32318672274959964,0.4316686252086167,0.48761609907120745,0.30986037307003034,-14.508096694946289,-0.5115680694580078,-0.0069942474365234375,-1.784952163696289,-0.312335729598999,-3.4247894287109375,-14.453344345092773,-0.3824954032897949,0.14368748664855957,-1.2959010601043701,-0.24471890926361084,-3.2465546131134033,0.2934596105471399,0.41786024407076866,0.5142857142857142,0.27076705549664193,0.5562812452658689,0.6839285714285714,0.28164152076709287,0.31791721876777573,0.35535714285714287,0.2256571347300349,0.27493395817732186,0.3875,0.2678813303852274,-0.7066638469696045,-0.9587295055389404,-1.5252721309661865,0.16851168870925903,-0.7049258947372437,-0.745415985584259,-0.5434278249740601,-0.9104297161102295,-1.2007758617401123,0.29821503162384033,-0.32422971725463867,-0.5361296534538269,0.8273902492101138,0.5091105250539438
full_emotion_personality_gender,2,full,emotion_personality_gender,False,3749,680,1102,1706.0,0.35518034264080134,0.500576948676941,0.5088235294117647,0.38512532272139316,0.5441987582923408,0.5352941176470588,0.3309327327046884,0.40183864364654576,0.40147058823529413,0.36261474569392615,0.4033820051687974,0.4073529411764706,0.35846328594020227,-1.5104317665100098,-0.48672783374786377,-1.0304639339447021,-1.342071294784546,-0.6000930070877075,-0.99395751953125,-1.1517717838287354,-0.1268383264541626,-0.6624687910079956,-0.7249871492385864,-0.07571625709533691,-0.5483564734458923,0.29197748177058225,0.3571893309397897,0.37477313974591653,0.3868908754022527,0.4634320247028002,0.4827586206896552,0.2687575570890304,0.2889908109491321,0.3157894736842105,0.39264444157945316,0.4315179629089913,0.4319419237749546,0.3350675889603296,-0.1337515115737915,-1.2113254070281982,-1.2611117362976074,-0.40204477310180664,-0.3981435298919678,-0.6812754273414612,-0.02665090560913086,-0.8646708726882935,-1.0777511596679688,-0.2538102865219116,-0.2131887674331665,-0.4872143864631653,0.4178082191780822,0.7432198324333634
full_emotion_personality_gender,3,full,emotion_personality_gender,False,3767,663,1101,1711.6,0.36645696523947113,0.4041275597345685,0.444947209653092,0.4124431917893603,0.551342746058608,0.5686274509803921,0.33459806522508834,0.3420201423372688,0.36048265460030166,0.40721906959020365,0.4458295704388908,0.4434389140271493,0.38017932296103085,-1.694654941558838,-0.0525892972946167,-0.606431245803833,-2.667304515838623,-1.376427173614502,-1.2794814109802246,-1.3317959308624268,0.20791476964950562,-0.4509902000427246,-2.343245506286621,-0.9862183332443237,-0.9808670282363892,0.31354040806983136,0.4083948256315738,0.4323342415985468,0.4043286792220156,0.4985311278716012,0.5358764759309719,0.3371074879402986,0.3572492683537357,0.35603996366939145,0.4051744055906534,0.46024071229434005,0.4659400544959128,0.36503774520569976,-0.9295227527618408,-0.3960667848587036,-0.09810364246368408,-1.0731935501098633,-0.8595542907714844,-0.6712881922721863,-0.8967055082321167,-0.2227727174758911,-0.03328752517700195,-0.8885254859924316,-0.6404948234558105,-0.5363572239875793,0.4393916053034271,0.4954106545466833
full_emotion_personality_gender,4,full,emotion_personality_gender,False,3900,526,1105,1730.5,0.3347819364446026,0.4516929033093682,0.44106463878326996,0.40572439055197673,0.5226422613704638,0.5608365019011406,0.33677736970419897,0.3552566149037446,0.34980988593155893,0.3987858920116909,0.47423363968695936,0.4923954372623574,0.36901739717811727,-1.1873793601989746,-0.9982779026031494,-1.4783215522766113,0.32879650592803955,-0.725581169128418,-0.8121526837348938,-1.0140342712402344,-0.9431418180465698,-1.2063121795654297,0.3771466612815857,-0.5212572813034058,-0.6615198254585266,0.351116176264342,0.41386524267467456,0.4515837104072398,0.3727846201143195,0.4419149136314273,0.4841628959276018,0.35580452419953934,0.3644304024267646,0.36923076923076925,0.3520433051712996,0.4072811085835515,0.4099547511312217,0.3579371564373751,-0.3680049180984497,-0.12929213047027588,-0.9954261779785156,-0.12055480480194092,-0.43039822578430176,-0.4087352752685547,-0.13918030261993408,0.04480046033859253,-0.7879106998443604,0.141309916973114,-0.16216349601745605,-0.18062882125377655,0.4344086021505376,0.6272149525686062
full_emotion_only_stim,0,full,emotion_only,True,3825,603,1103,1717.4,0.3713077343544356,0.3962567997812458,0.3963515754560531,0.4233527638038515,0.5404380343059428,0.5339966832504146,0.3392306297763151,0.38156354877034476,0.40298507462686567,0.43677121620517845,0.47734940018522115,0.48092868988391374,0.39266558603494517,-1.1004538536071777,-0.1978243589401245,-0.49615347385406494,-0.8841968774795532,-3.419870376586914,-1.219699740409851,-1.074704885482788,-0.030590534210205078,-0.12195229530334473,-0.6013244390487671,-3.3740344047546387,-1.0405213832855225,0.328525411782991,0.43797698422055314,0.4514959202175884,0.45085497794932405,0.5611118123376241,0.5684496826835902,0.32579354527888643,0.37388242933531884,0.3898458748866727,0.3798721935557849,0.43156656409124067,0.4641885766092475,0.3712615321417466,-0.13398396968841553,-0.9709542989730835,-0.44160592555999756,-1.1598520278930664,-1.162390947341919,-0.7737573981285095,0.1491273045539856,-0.7505462169647217,-0.3611201047897339,-0.9018106460571289,-0.7853842973709106,-0.5299468040466309,,
full_emotion_only_stim,1,full,emotion_only,True,3765,646,1120,1686.9,0.3743474598293905,0.4360250086971169,0.4535603715170279,0.4067733946588572,0.4713178103611949,0.5247678018575851,0.3324635661678639,0.36327361104146116,0.38080495356037153,0.3757860650019666,0.4294389655662698,0.4674922600619195,0.37234262141451957,-10.96306324005127,-0.4168715476989746,-0.09692907333374023,-1.7109782695770264,-0.7878251075744629,-2.795133590698242,-10.420969009399414,-0.19733154773712158,0.06358033418655396,-1.1093158721923828,-0.7199342250823975,-2.4767940044403076,0.2925510538310252,0.3821213666566934,0.4017857142857143,0.3562707664604073,0.5333255200294474,0.5446428571428571,0.3327722820886132,0.3591195867235609,0.35892857142857143,0.31278754896267447,0.3509166046372817,0.4,0.32359541283568005,-0.2298191785812378,-0.6607834100723267,-1.9919438362121582,-0.24107885360717773,-0.4909496307373047,-0.72291499376297,-0.02856910228729248,-0.5579279661178589,-1.6885828971862793,-0.12458336353302002,-0.2402958869934082,-0.5279918909072876,,
full_emotion_only_stim,2,full,emotion_only,True,3749,680,1102,1681.1,0.2941896923378405,0.49414812221184773,0.5661764705882353,0.3554670635029993,0.5908466854926169,0.6823529411764706,0.3336560774077317,0.40277612483283537,0.4073529411764706,0.3809256809256809,0.42674674159968273,0.4470588235294118,0.3410596285435631,-1.031054973602295,-0.09763705730438232,-0.48206090927124023,-0.6823035478591919,-0.377843976020813,-0.5341800451278687,-0.8018283843994141,0.11719250679016113,-0.21031248569488525,-0.24089038372039795,0.005395650863647461,-0.22608861327171326,0.26505903492044425,0.35544412424345734,0.43103448275862066,0.2831374318789445,0.41742927092105825,0.5571687840290381,0.2957639573123088,0.32011570157962294,0.37295825771324864,0.3675327580484357,0.420869913708678,0.4355716878402904,0.30287329554003334,-0.1797562837600708,-0.7227290868759155,-1.5791656970977783,-0.44592440128326416,-0.5161926746368408,-0.6887536644935608,-0.04262137413024902,-0.4301283359527588,-1.2531933784484863,-0.24827921390533447,-0.3964717388153076,-0.4741388261318207,,
full_emotion_only_stim,3,full,emotion_only,True,3767,663,1101,1699.4,0.4402849598547183,0.48858682825165906,0.4947209653092006,0.4251307254456976,0.5390315347996273,0.5399698340874811,0.35694474744389665,0.3684610694567756,0.38009049773755654,0.3784847475475901,0.42969137858398304,0.44042232277526394,0.40021129507297565,-1.4665675163269043,-0.24005210399627686,-0.4296532869338989,-4.530036449432373,-1.9931893348693848,-1.731899619102478,-1.20908784866333,0.08346062898635864,-0.29165661334991455,-4.131443500518799,-1.5922296047210693,-1.4281914234161377,0.3122120049908775,0.3658407656695099,0.3723887375113533,0.39647986617745873,0.489234709349911,0.5104450499545867,0.3201489053255482,0.3463132916081346,0.35149863760217986,0.39741704387690174,0.4379921632078822,0.4405086285195277,0.3565644550926966,-0.9745995998382568,-0.12968873977661133,-0.19703972339630127,-1.1884942054748535,-0.9419233798980713,-0.6863491535186768,-0.8513401746749878,0.05293476581573486,-0.1425495147705078,-0.9255939722061157,-0.7080473899841309,-0.5149192810058594,,
full_emotion_only_stim,4,full,emotion_only,True,3900,526,1105,1749.9,0.33360116491225345,0.4615738376631021,0.467680608365019,0.39845989086829164,0.5035829700073287,0.5152091254752852,0.3387062023402081,0.3647575225872356,0.3650190114068441,0.36979475873168366,0.43926046706864846,0.4524714828897338,0.3601405042131092,-1.284175157546997,-0.7364767789840698,-1.682882308959961,0.14317500591278076,-0.5710562467575073,-0.8262830972671509,-1.07069993019104,-0.7499220371246338,-1.2855689525604248,0.13190805912017822,-0.2766827344894409,-0.6501930952072144,0.333823492303675,0.38907897788859175,0.4099547511312217,0.38194149591399196,0.44065650635982445,0.4588235294117647,0.3690365705950976,0.38661937967173093,0.3909502262443439,0.36042891875469,0.4193949639041209,0.4253393665158371,0.3613076193918636,-0.004150867462158203,-0.07271063327789307,-1.0544893741607666,-0.10058403015136719,-0.7280716896057129,-0.39200133085250854,0.1519240140914917,0.05655401945114136,-0.911323070526123,0.034990668296813965,-0.6487718820571899,-0.2633252739906311,,
full_emotion_only,0,full,emotion_only,False,3825,603,1103,1637.9,0.3983026580452694,0.43081277554244135,0.43283582089552236,0.40812578541672856,0.5555276230635741,0.5953565505804311,0.34596639404643564,0.37931508828580046,0.3781094527363184,0.4046590535568491,0.4458066465922975,0.45439469320066334,0.3892634727663207,-1.4016315937042236,0.03971070051193237,-0.4216960668563843,-0.7971038818359375,-4.65660285949707,-1.4474647045135498,-1.2451813220977783,0.21060168743133545,-0.0651085376739502,-0.5946952104568481,-4.252775192260742,-1.1894317865371704,0.34950238276436907,0.4431227726345571,0.44786944696282865,0.442689514390398,0.5837186158437444,0.6273798730734361,0.33876842236583293,0.3715382473374361,0.37533998186763373,0.4096070838994679,0.4643233058383293,0.47053490480507704,0.38514185085501695,-0.4508945941925049,-0.8823072910308838,-0.47729432582855225,-1.4714510440826416,-1.1230387687683105,-0.8809971809387207,-0.3106272220611572,-0.6519157886505127,-0.5309815406799316,-1.251763105392456,-0.7374653816223145,-0.6965506076812744,,
full_emotion_only,1,full,emotion_only,False,3765,646,1120,1708.4,0.31304779559967477,0.366740849625266,0.3761609907120743,0.44069885256621727,0.47576056734308075,0.5,0.28556754053821215,0.29398632876267633,0.30340557275541796,0.44606212863134775,0.48910212453000174,0.4984520123839009,0.371344079333863,-10.815773010253906,-0.36667048931121826,-0.2332247495651245,-3.0644774436950684,-0.8129223585128784,-3.0586137771606445,-10.660515785217285,-0.1836017370223999,-0.10662758350372314,-2.5182743072509766,-0.755378007888794,-2.844879388809204,0.36749587359154817,0.4728901453650964,0.5080357142857143,0.3837207763494506,0.5355278389131253,0.5285714285714286,0.3254215363780412,0.3659307801664224,0.38660714285714287,0.31865073389320747,0.3494958881458769,0.36875,0.34882223005306184,-0.5151976346969604,-0.9384262561798096,-1.5129303932189941,0.041538894176483154,-0.39661967754364014,-0.6643269658088684,-0.3230772018432617,-0.9806932210922241,-1.0402724742889404,0.23684477806091309,-0.14093005657196045,-0.44962558150291443,,
full_emotion_only,2,full,emotion_only,False,3749,680,1102,1708.2,0.3097186679648522,0.47837612753895403,0.49264705882352944,0.3793217506833209,0.5679013806034343,0.5941176470588235,0.34775313357045673,0.43072618061843526,0.4338235294117647,0.32788082222711196,0.36714588680448174,0.36176470588235293,0.3411685936114354,-1.0773799419403076,-0.7953561544418335,-1.1644437313079834,-0.9883648157119751,-0.562080979347229,-0.9175251126289368,-0.804443359375,-0.5970267057418823,-0.7909585237503052,-0.5875799655914307,-0.27839553356170654,-0.611680805683136,0.29325024245304526,0.36794014812690545,0.3938294010889292,0.3101615066069489,0.4233522051977471,0.4909255898366606,0.2970673772591119,0.31271333602465984,0.3312159709618875,0.32584686928207623,0.39561575930998866,0.41197822141560797,0.30658149890029557,-0.4518967866897583,-0.5647150278091431,-0.8054012060165405,-0.2558525800704956,-0.552626371383667,-0.526098370552063,-0.32004714012145996,-0.25995326042175293,-0.34042179584503174,-0.08212649822235107,-0.3815821409225464,-0.2768261730670929,,
full_emotion_only,3,full,emotion_only,False,3767,663,1101,1714.3,0.3392566813489551,0.4193135268916236,0.502262443438914,0.3789811758408422,0.5550140367435293,0.6425339366515838,0.39142159730395026,0.3840970497544892,0.39668174962292607,0.31186406186406185,0.334248623841384,0.4177978883861237,0.3553808790894523,-0.8680797815322876,-0.22011911869049072,-0.8144117593765259,-3.272704601287842,-1.5363993644714355,-1.3423429727554321,-0.5628548860549927,0.1553347110748291,-0.6876370906829834,-2.8441224098205566,-1.2465271949768066,-1.0371613502502441,0.30285725169593003,0.4402952515238531,0.5376930063578564,0.33583645905747006,0.4608388363472858,0.5785649409627611,0.3286026872233769,0.36064746845541734,0.37329700272479566,0.2939879868439034,0.38604551817215116,0.485921889191644,0.3153210962051701,-0.7677356004714966,-0.38816261291503906,-0.1680619716644287,-0.6472060680389404,-0.6752626895904541,-0.5292857885360718,-0.6122334003448486,-0.27481675148010254,-0.04249143600463867,-0.19824659824371338,-0.5244474411010742,-0.33044713735580444,,
full_emotion_only,4,full,emotion_only,False,3900,526,1105,1735.3,0.31720993829560623,0.4354813505597556,0.42585551330798477,0.39659824572844665,0.5118613287064887,0.5418250950570342,0.3491234027819394,0.36079659621345606,0.3669201520912547,0.4256314721010355,0.499498055273301,0.5209125475285171,0.37214076472675695,-1.2669754028320312,-1.177941083908081,-1.731835126876831,0.1555977463722229,-0.6645692586898804,-0.9371446371078491,-1.2962689399719238,-1.093247413635254,-1.3979198932647705,0.1544017791748047,-0.38547956943511963,-0.8037028312683105,0.36104281348371275,0.4200704283891151,0.45339366515837104,0.3508208405615909,0.4291190927281516,0.4850678733031674,0.387746953781801,0.3941766241463734,0.39638009049773754,0.3688463616832793,0.4169730503627865,0.41900452488687784,0.367114242377596,-0.359208345413208,0.003716588020324707,-1.303511381149292,-0.2533465623855591,-1.1129441261291504,-0.6050587892532349,-0.22027921676635742,0.11916542053222656,-1.180227279663086,-0.026015877723693848,-0.9291714429855347,-0.44730567932128906,,
